{"cameraMode":{"drawMode":0,"name":"Shaded","section":"Shading Mode"},"sceneLighting":true,"audioPlay":false,"sceneViewState":{"m_AlwaysRefresh":false,"showFog":true,"showSkybox":false,"showFlares":true,"showImageEffects":true,"showParticleSystems":true,"showVisualEffectGraphs":true,"m_FxEnabled":true},"in2DMode":false,"pivot":{"x":93.08869934082031,"y":-0.49073028564453127,"z":84.61278533935547},"rotation":{"x":-0.007943975739181042,"y":-0.95272296667099,"z":0.30288365483283999,"w":-0.024988383054733278},"size":93.32986450195313,"orthographic":true}